airline_company,dep_city,arr_city,out_dep_date,out_dep_time,out_duration,out_stop_num,out_arr_date,out_arr_time,in_dep_date,in_dep_time,in_duration,in_stop_num,in_arr_date,in_arr_time,price_ticket,hour_scrap,day_scrap
Qatar Airways,BRU,CGK,Aug 1,9:05 AM,17h 35m,1 stop,Aug 2,7:40 AM,Aug 15,9:05 AM,34h 05m,1 stop,Aug 16,2:10 PM,"1 521,51 €",18,14
Qatar Airways,BRU,CGK,Aug 1,9:05 AM,31h 25m,1 stop,Aug 2,9:30 PM,Aug 15,9:05 AM,34h 05m,1 stop,Aug 16,2:10 PM,"1 524,79 €",18,14
Qatar Airways,BRU,CGK,Aug 1,9:05 AM,17h 35m,1 stop,Aug 2,7:40 AM,Aug 15,7:00 PM,18h 10m,2 stops,Aug 16,8:10 AM,"1 521,51 €",18,14
Lufthansa,BRU,CGK,Aug 1,8:05 PM,17h 00m,2 stops,Aug 2,6:05 PM,Aug 15,7:00 PM,18h 10m,2 stops,Aug 16,8:10 AM,"2 472,62 €",18,14
Lufthansa,BRU,CGK,Aug 1,8:05 PM,17h 00m,2 stops,Aug 2,6:05 PM,Aug 15,7:00 PM,18h 35m,2 stops,Aug 16,8:35 AM,"2 489,71 €",18,14
"Lufthansa, operated by Brussels Airlines",BRU,CGK,Aug 1,7:00 PM,18h 05m,2 stops,Aug 2,6:05 PM,Aug 15,7:00 PM,18h 10m,2 stops,Aug 16,8:10 AM,"2 472,62 €",18,14
"Lufthansa, operated by City Jet For Brussels Airlines",BRU,CGK,Aug 1,7:15 PM,17h 50m,2 stops,Aug 2,6:05 PM,Aug 15,7:00 PM,18h 10m,2 stops,Aug 16,8:10 AM,"2 340,21 €",18,14
"Lufthansa, operated by Brussels Airlines",BRU,CGK,Aug 1,7:00 PM,18h 05m,2 stops,Aug 2,6:05 PM,Aug 15,7:00 PM,18h 35m,2 stops,Aug 16,8:35 AM,"2 475,48 €",18,14
"Lufthansa, operated by City Jet For Brussels Airlines",BRU,CGK,Aug 1,7:15 PM,17h 50m,2 stops,Aug 2,6:05 PM,Aug 15,7:00 PM,18h 35m,2 stops,Aug 16,8:35 AM,"2 489,71 €",18,14
Lufthansa,BRU,CGK,Aug 1,6:05 PM,19h 00m,2 stops,Aug 2,6:05 PM,Aug 15,7:00 PM,18h 10m,2 stops,Aug 16,8:10 AM,"2 472,62 €",18,14
Lufthansa,BRU,CGK,Aug 1,8:05 PM,17h 00m,2 stops,Aug 2,6:05 PM,Aug 15,7:00 PM,20h 10m,2 stops,Aug 16,10:10 AM,"2 489,71 €",18,14
Lufthansa,BRU,CGK,Aug 1,8:05 PM,17h 00m,2 stops,Aug 2,6:05 PM,Aug 15,7:00 PM,20h 35m,2 stops,Aug 16,10:35 AM,"2 489,71 €",18,14
Lufthansa,BRU,CGK,Aug 1,6:05 PM,19h 00m,2 stops,Aug 2,6:05 PM,Aug 15,7:00 PM,18h 35m,2 stops,Aug 16,8:35 AM,"2 489,71 €",18,14
"Lufthansa, operated by Brussels Airlines",BRU,CGK,Aug 1,7:00 PM,18h 05m,2 stops,Aug 2,6:05 PM,Aug 15,7:00 PM,20h 10m,2 stops,Aug 16,10:10 AM,"2 475,48 €",18,14
Qatar Airways,BRU,CGK,Aug 1,9:05 AM,17h 35m,1 stop,Aug 2,7:40 AM,Aug 15,9:05 AM,34h 05m,1 stop,Aug 16,2:10 PM,"1 521,51 €",18,14
Qatar Airways,BRU,CGK,Aug 1,9:05 AM,31h 25m,1 stop,Aug 2,9:30 PM,Aug 15,9:05 AM,34h 05m,1 stop,Aug 16,2:10 PM,"1 521,51 €",18,14
Qatar Airways,BRU,CGK,Aug 1,9:05 AM,17h 35m,1 stop,Aug 2,7:40 AM,Aug 15,7:00 PM,18h 10m,2 stops,Aug 16,8:10 AM,"2 340,21 €",18,14
Lufthansa,BRU,CGK,Aug 1,8:05 PM,17h 00m,2 stops,Aug 2,6:05 PM,Aug 15,7:00 PM,18h 10m,2 stops,Aug 16,8:10 AM,"2 472,62 €",18,14
Lufthansa,BRU,CGK,Aug 1,8:05 PM,17h 00m,2 stops,Aug 2,6:05 PM,Aug 15,7:00 PM,18h 35m,2 stops,Aug 16,8:35 AM,"2 489,71 €",18,14
"Lufthansa, operated by Brussels Airlines",BRU,CGK,Aug 1,7:00 PM,18h 05m,2 stops,Aug 2,6:05 PM,Aug 15,7:00 PM,18h 10m,2 stops,Aug 16,8:10 AM,"2 472,62 €",18,14
"Lufthansa, operated by City Jet For Brussels Airlines",BRU,CGK,Aug 1,7:15 PM,17h 50m,2 stops,Aug 2,6:05 PM,Aug 15,7:00 PM,18h 10m,2 stops,Aug 16,8:10 AM,"2 472,62 €",18,14
"Lufthansa, operated by Brussels Airlines",BRU,CGK,Aug 1,7:00 PM,18h 05m,2 stops,Aug 2,6:05 PM,Aug 15,7:00 PM,18h 35m,2 stops,Aug 16,8:35 AM,"2 475,48 €",18,14
"Lufthansa, operated by City Jet For Brussels Airlines",BRU,CGK,Aug 1,7:15 PM,17h 50m,2 stops,Aug 2,6:05 PM,Aug 15,7:00 PM,18h 35m,2 stops,Aug 16,8:35 AM,"2 489,71 €",18,14
Lufthansa,BRU,CGK,Aug 1,6:05 PM,19h 00m,2 stops,Aug 2,6:05 PM,Aug 15,7:00 PM,18h 10m,2 stops,Aug 16,8:10 AM,"2 472,62 €",18,14
Lufthansa,BRU,CGK,Aug 1,8:05 PM,17h 00m,2 stops,Aug 2,6:05 PM,Aug 15,7:00 PM,20h 10m,2 stops,Aug 16,10:10 AM,"2 489,71 €",18,14
Lufthansa,BRU,CGK,Aug 1,8:05 PM,17h 00m,2 stops,Aug 2,6:05 PM,Aug 15,7:00 PM,20h 35m,2 stops,Aug 16,10:35 AM,"2 489,71 €",18,14
Lufthansa,BRU,CGK,Aug 1,6:05 PM,19h 00m,2 stops,Aug 2,6:05 PM,Aug 15,7:00 PM,18h 35m,2 stops,Aug 16,8:35 AM,"2 489,71 €",18,14
"Lufthansa, operated by Brussels Airlines",BRU,CGK,Aug 1,7:00 PM,18h 05m,2 stops,Aug 2,6:05 PM,Aug 15,7:00 PM,20h 10m,2 stops,Aug 16,10:10 AM,"2 475,48 €",18,14
Lufthansa,BRU,CGK,Aug 1,4:30 PM,20h 35m,2 stops,Aug 2,6:05 PM,Aug 15,7:00 PM,18h 10m,2 stops,Aug 16,8:10 AM,"2 458,39 €",18,14
"Lufthansa, operated by Brussels Airlines",BRU,CGK,Aug 1,7:00 PM,18h 05m,2 stops,Aug 2,6:05 PM,Aug 15,7:00 PM,20h 35m,2 stops,Aug 16,10:35 AM,"2 475,48 €",18,14
"Lufthansa, operated by City Jet For Brussels Airlines",BRU,CGK,Aug 1,7:15 PM,17h 50m,2 stops,Aug 2,6:05 PM,Aug 15,7:00 PM,20h 35m,2 stops,Aug 16,10:35 AM,"2 489,71 €",18,14
Lufthansa,BRU,CGK,Aug 1,4:30 PM,20h 35m,2 stops,Aug 2,6:05 PM,Aug 15,7:00 PM,18h 35m,2 stops,Aug 16,8:35 AM,"2 475,48 €",18,14
Lufthansa,BRU,CGK,Aug 1,6:05 PM,19h 00m,2 stops,Aug 2,6:05 PM,Aug 15,7:00 PM,20h 10m,2 stops,Aug 16,10:10 AM,"2 489,71 €",18,14
Lufthansa,BRU,CGK,Aug 1,8:05 PM,21h 35m,2 stops,Aug 2,10:40 PM,Aug 15,7:00 PM,18h 10m,2 stops,Aug 16,8:10 AM,"2 489,71 €",18,14
Lufthansa,BRU,CGK,Aug 1,8:05 PM,17h 00m,2 stops,Aug 2,6:05 PM,Aug 15,7:00 PM,22h 25m,2 stops,Aug 16,12:25 PM,"2 489,71 €",18,14
Lufthansa,BRU,CGK,Aug 1,6:05 PM,19h 00m,2 stops,Aug 2,6:05 PM,Aug 15,7:00 PM,20h 35m,2 stops,Aug 16,10:35 AM,"2 489,71 €",18,14
Lufthansa,BRU,CGK,Aug 1,8:05 PM,21h 35m,2 stops,Aug 2,10:40 PM,Aug 15,7:00 PM,18h 35m,2 stops,Aug 16,8:35 AM,"2 472,62 €",18,14
"Lufthansa, operated by Brussels Airlines",BRU,CGK,Aug 1,7:00 PM,18h 05m,2 stops,Aug 2,6:05 PM,Aug 15,7:00 PM,22h 25m,2 stops,Aug 16,12:25 PM,"2 489,71 €",18,14
Lufthansa,BRU,CGK,Aug 1,2:40 PM,22h 25m,2 stops,Aug 2,6:05 PM,Aug 15,7:00 PM,18h 10m,2 stops,Aug 16,8:10 AM,"2 472,62 €",18,14
"Lufthansa, operated by City Jet For Brussels Airlines",BRU,CGK,Aug 1,7:15 PM,22h 25m,2 stops,Aug 2,10:40 PM,Aug 15,7:00 PM,18h 10m,2 stops,Aug 16,8:10 AM,"2 472,62 €",18,14
"Lufthansa, operated by City Jet For Brussels Airlines",BRU,CGK,Aug 1,7:15 PM,17h 50m,2 stops,Aug 2,6:05 PM,Aug 15,7:00 PM,22h 25m,2 stops,Aug 16,12:25 PM,"2 475,48 €",18,14
Lufthansa,BRU,CGK,Aug 1,4:30 PM,20h 35m,2 stops,Aug 2,6:05 PM,Aug 15,7:00 PM,20h 10m,2 stops,Aug 16,10:10 AM,"2 472,62 €",18,14
Lufthansa,BRU,CGK,Aug 1,4:30 PM,20h 35m,2 stops,Aug 2,6:05 PM,Aug 15,7:00 PM,20h 35m,2 stops,Aug 16,10:35 AM,"2 475,48 €",18,14
Lufthansa,BRU,CGK,Aug 1,8:05 PM,17h 00m,2 stops,Aug 2,6:05 PM,Aug 15,7:00 PM,23h 55m,2 stops,Aug 16,1:55 PM,"2 489,71 €",18,14
Lufthansa,BRU,CGK,Aug 1,2:40 PM,22h 25m,2 stops,Aug 2,6:05 PM,Aug 15,7:00 PM,18h 35m,2 stops,Aug 16,8:35 AM,"2 489,71 €",18,14
"Lufthansa, operated by City Jet For Brussels Airlines",BRU,CGK,Aug 1,7:15 PM,22h 25m,2 stops,Aug 2,10:40 PM,Aug 15,7:00 PM,18h 35m,2 stops,Aug 16,8:35 AM,"2 475,48 €",18,14
"Lufthansa, operated by Brussels Airlines",BRU,CGK,Aug 1,1:45 PM,23h 20m,2 stops,Aug 2,6:05 PM,Aug 15,7:00 PM,18h 10m,2 stops,Aug 16,8:10 AM,"2 485,59 €",18,14
Lufthansa,BRU,CGK,Aug 1,6:05 PM,19h 00m,2 stops,Aug 2,6:05 PM,Aug 15,7:00 PM,22h 25m,2 stops,Aug 16,12:25 PM,"2 489,71 €",18,14
Lufthansa,BRU,CGK,Aug 1,8:05 PM,17h 00m,2 stops,Aug 2,6:05 PM,Aug 15,7:00 PM,20h 20m,2 stops,Aug 16,10:20 AM,"2 489,71 €",18,14
"Lufthansa, operated by Brussels Airlines",BRU,CGK,Aug 1,7:00 PM,22h 40m,2 stops,Aug 2,10:40 PM,Aug 15,7:00 PM,18h 35m,2 stops,Aug 16,8:35 AM,"2 485,59 €",18,14
"Lufthansa, operated by Brussels Airlines",BRU,CGK,Aug 1,7:00 PM,18h 05m,2 stops,Aug 2,6:05 PM,Aug 15,7:00 PM,23h 55m,2 stops,Aug 16,1:55 PM,"2 475,48 €",18,14
"Lufthansa, operated by City Jet For Brussels Airlines",BRU,CGK,Aug 1,7:15 PM,17h 50m,2 stops,Aug 2,6:05 PM,Aug 15,7:00 PM,23h 55m,2 stops,Aug 16,1:55 PM,"2 489,71 €",18,14
Lufthansa,BRU,CGK,Aug 1,8:05 PM,21h 35m,2 stops,Aug 2,10:40 PM,Aug 15,7:00 PM,20h 10m,2 stops,Aug 16,10:10 AM,"2 489,71 €",18,14
Lufthansa,BRU,CGK,Aug 1,6:05 PM,23h 35m,2 stops,Aug 2,10:40 PM,Aug 15,7:00 PM,18h 10m,2 stops,Aug 16,8:10 AM,"2 491,82 €",18,14
Lufthansa,BRU,CGK,Aug 1,1:15 PM,23h 50m,2 stops,Aug 2,6:05 PM,Aug 15,7:00 PM,18h 10m,2 stops,Aug 16,8:10 AM,"2 489,71 €",18,14
Lufthansa,BRU,CGK,Aug 1,8:05 PM,21h 35m,2 stops,Aug 2,10:40 PM,Aug 15,7:00 PM,20h 35m,2 stops,Aug 16,10:35 AM,"2 489,71 €",18,14
Lufthansa,BRU,CGK,Aug 1,8:05 PM,17h 00m,2 stops,Aug 2,6:05 PM,Aug 15,7:00 PM,25h 50m,2 stops,Aug 16,3:50 PM,"2 472,62 €",18,14
"Lufthansa, operated by Brussels Airlines",BRU,CGK,Aug 1,7:00 PM,18h 05m,2 stops,Aug 2,6:05 PM,Aug 15,7:00 PM,20h 20m,2 stops,Aug 16,10:20 AM,"2 685,59 €",18,14
Lufthansa,BRU,CGK,Aug 1,2:40 PM,22h 25m,2 stops,Aug 2,6:05 PM,Aug 15,7:00 PM,20h 10m,2 stops,Aug 16,10:10 AM,"2 489,71 €",18,14
"Lufthansa, operated by City Jet For Brussels Airlines",BRU,CGK,Aug 1,7:15 PM,22h 25m,2 stops,Aug 2,10:40 PM,Aug 15,7:00 PM,20h 10m,2 stops,Aug 16,10:10 AM,"2 472,62 €",18,14
Lufthansa,BRU,CGK,Aug 1,6:05 PM,23h 35m,2 stops,Aug 2,10:40 PM,Aug 15,7:00 PM,18h 35m,2 stops,Aug 16,8:35 AM,"2 508,91 €",18,14
Lufthansa,BRU,CGK,Aug 1,4:30 PM,20h 35m,2 stops,Aug 2,6:05 PM,Aug 15,7:00 PM,22h 25m,2 stops,Aug 16,12:25 PM,"2 475,48 €",18,14
Lufthansa,BRU,CGK,Aug 1,1:15 PM,23h 50m,2 stops,Aug 2,6:05 PM,Aug 15,7:00 PM,18h 35m,2 stops,Aug 16,8:35 AM,"2 508,91 €",18,14
Lufthansa,BRU,CGK,Aug 1,6:05 PM,19h 00m,2 stops,Aug 2,6:05 PM,Aug 15,7:00 PM,23h 55m,2 stops,Aug 16,1:55 PM,"2 489,71 €",18,14
Lufthansa,BRU,CGK,Aug 1,2:40 PM,22h 25m,2 stops,Aug 2,6:05 PM,Aug 15,7:00 PM,20h 35m,2 stops,Aug 16,10:35 AM,"2 489,71 €",18,14
"Lufthansa, operated by City Jet For Brussels Airlines",BRU,CGK,Aug 1,7:15 PM,22h 25m,2 stops,Aug 2,10:40 PM,Aug 15,7:00 PM,20h 35m,2 stops,Aug 16,10:35 AM,"2 489,71 €",18,14
"Lufthansa, operated by Brussels Airlines",BRU,CGK,Aug 1,7:00 PM,22h 40m,2 stops,Aug 2,10:40 PM,Aug 15,7:00 PM,20h 10m,2 stops,Aug 16,10:10 AM,"2 489,71 €",18,14
"Lufthansa, operated by Brussels Airlines",BRU,CGK,Aug 1,7:00 PM,18h 05m,2 stops,Aug 2,6:05 PM,Aug 15,7:00 PM,25h 50m,2 stops,Aug 16,3:50 PM,"2 458,39 €",18,14
Lufthansa,BRU,CGK,Aug 1,4:30 PM,25h 10m,2 stops,Aug 2,10:40 PM,Aug 15,7:00 PM,18h 10m,2 stops,Aug 16,8:10 AM,"2 485,59 €",18,14
"Lufthansa, operated by City Jet For Brussels Airlines",BRU,CGK,Aug 1,7:15 PM,17h 50m,2 stops,Aug 2,6:05 PM,Aug 15,7:00 PM,25h 50m,2 stops,Aug 16,3:50 PM,"2 472,62 €",18,14
"Lufthansa, operated by Brussels Airlines",BRU,CGK,Aug 1,1:45 PM,23h 20m,2 stops,Aug 2,6:05 PM,Aug 15,7:00 PM,20h 10m,2 stops,Aug 16,10:10 AM,"2 502,68 €",18,14
Lufthansa,BRU,CGK,Aug 1,8:05 PM,21h 35m,2 stops,Aug 2,10:40 PM,Aug 15,7:00 PM,22h 25m,2 stops,Aug 16,12:25 PM,"2 489,71 €",18,14
Lufthansa,BRU,CGK,Aug 1,4:30 PM,25h 10m,2 stops,Aug 2,10:40 PM,Aug 15,7:00 PM,18h 35m,2 stops,Aug 16,8:35 AM,"2 502,68 €",18,14
Lufthansa,BRU,CGK,Aug 1,4:30 PM,20h 35m,2 stops,Aug 2,6:05 PM,Aug 15,7:00 PM,23h 55m,2 stops,Aug 16,1:55 PM,"2 475,48 €",18,14
Lufthansa,BRU,CGK,Aug 1,6:05 PM,23h 35m,2 stops,Aug 2,10:40 PM,Aug 15,7:00 PM,20h 10m,2 stops,Aug 16,10:10 AM,"2 508,91 €",18,14
"Lufthansa, operated by Brussels Airlines",BRU,CGK,Aug 1,1:45 PM,23h 20m,2 stops,Aug 2,6:05 PM,Aug 15,7:00 PM,20h 35m,2 stops,Aug 16,10:35 AM,"2 502,68 €",18,14
Lufthansa,BRU,CGK,Aug 1,6:05 PM,19h 00m,2 stops,Aug 2,6:05 PM,Aug 15,7:00 PM,25h 50m,2 stops,Aug 16,3:50 PM,"2 472,62 €",18,14
Lufthansa,BRU,CGK,Aug 1,1:15 PM,23h 50m,2 stops,Aug 2,6:05 PM,Aug 15,7:00 PM,20h 10m,2 stops,Aug 16,10:10 AM,"2 508,91 €",18,14
Lufthansa,BRU,CGK,Aug 1,6:05 PM,23h 35m,2 stops,Aug 2,10:40 PM,Aug 15,7:00 PM,20h 35m,2 stops,Aug 16,10:35 AM,"2 502,68 €",18,14
Lufthansa,BRU,CGK,Aug 1,2:40 PM,22h 25m,2 stops,Aug 2,6:05 PM,Aug 15,7:00 PM,22h 25m,2 stops,Aug 16,12:25 PM,"2 472,62 €",18,14
"Lufthansa, operated by City Jet For Brussels Airlines",BRU,CGK,Aug 1,7:15 PM,22h 25m,2 stops,Aug 2,10:40 PM,Aug 15,7:00 PM,22h 25m,2 stops,Aug 16,12:25 PM,"2 508,91 €",18,14
Lufthansa,BRU,CGK,Aug 1,1:15 PM,23h 50m,2 stops,Aug 2,6:05 PM,Aug 15,7:00 PM,20h 35m,2 stops,Aug 16,10:35 AM,"2 508,91 €",18,14
Lufthansa,BRU,CGK,Aug 1,4:30 PM,20h 35m,2 stops,Aug 2,6:05 PM,Aug 15,7:00 PM,20h 20m,2 stops,Aug 16,10:20 AM,"2 685,59 €",18,14
"Lufthansa, operated by Brussels Airlines",BRU,CGK,Aug 1,7:00 PM,22h 40m,2 stops,Aug 2,10:40 PM,Aug 15,7:00 PM,22h 25m,2 stops,Aug 16,12:25 PM,"2 489,71 €",18,14
Lufthansa,BRU,CGK,Aug 1,8:05 PM,21h 35m,2 stops,Aug 2,10:40 PM,Aug 15,7:00 PM,23h 55m,2 stops,Aug 16,1:55 PM,"2 489,71 €",18,14
Lufthansa,BRU,CGK,Aug 1,4:30 PM,20h 35m,2 stops,Aug 2,6:05 PM,Aug 15,7:00 PM,25h 50m,2 stops,Aug 16,3:50 PM,"2 458,39 €",18,14
Lufthansa,BRU,CGK,Aug 1,4:30 PM,25h 10m,2 stops,Aug 2,10:40 PM,Aug 15,7:00 PM,20h 10m,2 stops,Aug 16,10:10 AM,"2 502,68 €",18,14
"Lufthansa, operated by Brussels Airlines",BRU,CGK,Aug 1,1:45 PM,23h 20m,2 stops,Aug 2,6:05 PM,Aug 15,7:00 PM,22h 25m,2 stops,Aug 16,12:25 PM,"2 502,68 €",18,14
Lufthansa,BRU,CGK,Aug 1,4:30 PM,25h 10m,2 stops,Aug 2,10:40 PM,Aug 15,7:00 PM,20h 35m,2 stops,Aug 16,10:35 AM,"2 458,39 €",18,14
Lufthansa,BRU,CGK,Aug 1,2:40 PM,22h 25m,2 stops,Aug 2,6:05 PM,Aug 15,7:00 PM,23h 55m,2 stops,Aug 16,1:55 PM,"2 489,71 €",18,14
"Lufthansa, operated by City Jet For Brussels Airlines",BRU,CGK,Aug 1,7:15 PM,22h 25m,2 stops,Aug 2,10:40 PM,Aug 15,7:00 PM,23h 55m,2 stops,Aug 16,1:55 PM,"2 489,71 €",18,14
Lufthansa,BRU,CGK,Aug 1,6:05 PM,23h 35m,2 stops,Aug 2,10:40 PM,Aug 15,7:00 PM,22h 25m,2 stops,Aug 16,12:25 PM,"2 508,91 €",18,14
Lufthansa,BRU,CGK,Aug 1,1:15 PM,23h 50m,2 stops,Aug 2,6:05 PM,Aug 15,7:00 PM,22h 25m,2 stops,Aug 16,12:25 PM,"2 508,91 €",18,14
"Lufthansa, operated by Brussels Airlines",BRU,CGK,Aug 1,7:00 PM,22h 40m,2 stops,Aug 2,10:40 PM,Aug 15,7:00 PM,23h 55m,2 stops,Aug 16,1:55 PM,"2 502,68 €",18,14
Lufthansa,BRU,CGK,Aug 1,8:05 PM,21h 35m,2 stops,Aug 2,10:40 PM,Aug 15,7:00 PM,25h 50m,2 stops,Aug 16,3:50 PM,"2 472,62 €",18,14
"Lufthansa, operated by Brussels Airlines",BRU,CGK,Aug 1,7:00 PM,22h 40m,2 stops,Aug 2,10:40 PM,Aug 15,7:00 PM,20h 20m,2 stops,Aug 16,10:20 AM,"2 508,91 €",18,14
"Lufthansa, operated by Brussels Airlines",BRU,CGK,Aug 1,1:45 PM,23h 20m,2 stops,Aug 2,6:05 PM,Aug 15,7:00 PM,23h 55m,2 stops,Aug 16,1:55 PM,"2 502,68 €",18,14
Lufthansa,BRU,CGK,Aug 1,2:40 PM,22h 25m,2 stops,Aug 2,6:05 PM,Aug 15,7:00 PM,25h 50m,2 stops,Aug 16,3:50 PM,"2 472,62 €",18,14
Lufthansa,BRU,CGK,Aug 1,4:30 PM,25h 10m,2 stops,Aug 2,10:40 PM,Aug 15,7:00 PM,22h 25m,2 stops,Aug 16,12:25 PM,"2 502,68 €",18,14
Lufthansa,BRU,CGK,Aug 1,6:05 PM,23h 35m,2 stops,Aug 2,10:40 PM,Aug 15,7:00 PM,23h 55m,2 stops,Aug 16,1:55 PM,"2 508,91 €",18,14
Lufthansa,BRU,CGK,Aug 1,4:30 PM,20h 35m,2 stops,Aug 2,6:05 PM,Aug 15,7:00 PM,23h 00m,2 stops,Aug 16,1:00 PM,"2 685,59 €",18,14
Lufthansa,BRU,CGK,Aug 1,1:15 PM,23h 50m,2 stops,Aug 2,6:05 PM,Aug 15,7:00 PM,23h 55m,2 stops,Aug 16,1:55 PM,"2 502,68 €",18,14
"Lufthansa, operated by Brussels Airlines",BRU,CGK,Aug 1,1:45 PM,23h 20m,2 stops,Aug 2,6:05 PM,Aug 15,7:00 PM,20h 20m,2 stops,Aug 16,10:20 AM,"2 685,59 €",18,14
"Lufthansa, operated by Brussels Airlines",BRU,CGK,Aug 1,7:00 PM,22h 40m,2 stops,Aug 2,10:40 PM,Aug 15,7:00 PM,25h 50m,2 stops,Aug 16,3:50 PM,"2 485,59 €",18,14
"Lufthansa, operated by Brussels Airlines",BRU,CGK,Aug 1,1:45 PM,23h 20m,2 stops,Aug 2,6:05 PM,Aug 15,7:00 PM,25h 50m,2 stops,Aug 16,3:50 PM,"2 485,59 €",18,14
Lufthansa,BRU,CGK,Aug 1,4:30 PM,25h 10m,2 stops,Aug 2,10:40 PM,Aug 15,7:00 PM,23h 55m,2 stops,Aug 16,1:55 PM,"2 685,59 €",18,14
Lufthansa,BRU,CGK,Aug 1,6:05 PM,23h 35m,2 stops,Aug 2,10:40 PM,Aug 15,7:00 PM,25h 50m,2 stops,Aug 16,3:50 PM,"2 485,59 €",18,14
Lufthansa,BRU,CGK,Aug 1,1:15 PM,23h 50m,2 stops,Aug 2,6:05 PM,Aug 15,7:00 PM,25h 50m,2 stops,Aug 16,3:50 PM,"2 485,59 €",18,14
"Lufthansa, operated by Brussels Airlines",BRU,CGK,Aug 1,7:00 PM,22h 40m,2 stops,Aug 2,10:40 PM,Aug 15,7:00 PM,23h 00m,2 stops,Aug 16,1:00 PM,"2 685,59 €",18,14
Lufthansa,BRU,CGK,Aug 1,4:30 PM,25h 10m,2 stops,Aug 2,10:40 PM,Aug 15,7:00 PM,25h 50m,2 stops,Aug 16,3:50 PM,"2 485,59 €",18,14
"Lufthansa, operated by Brussels Airlines",BRU,HND,Aug 1,9:35 AM,15h 25m,1 stop,Aug 2,8:00 AM,Aug 15,9:40 AM,17h 25m,1 stop,Aug 15,8:05 PM,"2 202,98 €",19,14
Lufthansa,BRU,HND,Aug 1,11:20 AM,15h 30m,1 stop,Aug 2,9:50 AM,Aug 15,9:40 AM,17h 25m,1 stop,Aug 15,8:05 PM,"2 217,21 €",19,14
Lufthansa,BRU,HND,Aug 1,8:50 AM,16h 10m,1 stop,Aug 2,8:00 AM,Aug 15,9:40 AM,17h 25m,1 stop,Aug 15,8:05 PM,"2 202,98 €",19,14
Lufthansa,BRU,HND,Aug 1,9:30 AM,17h 20m,1 stop,Aug 2,9:50 AM,Aug 15,9:40 AM,17h 25m,1 stop,Aug 15,8:05 PM,"2 217,21 €",19,14
"Lufthansa, operated by Brussels Airlines",BRU,HND,Aug 1,9:35 AM,15h 25m,1 stop,Aug 2,8:00 AM,Aug 15,9:40 AM,19h 50m,1 stop,Aug 15,10:30 PM,"2 202,98 €",19,14
"Lufthansa, operated by Brussels Airlines",BRU,HND,Aug 1,6:55 AM,18h 05m,1 stop,Aug 2,8:00 AM,Aug 15,9:40 AM,17h 25m,1 stop,Aug 15,8:05 PM,"2 202,98 €",19,14
Lufthansa,BRU,HND,Aug 1,11:20 AM,15h 30m,1 stop,Aug 2,9:50 AM,Aug 15,9:40 AM,19h 50m,1 stop,Aug 15,10:30 PM,"2 217,21 €",19,14
"Lufthansa, operated by Brussels Airlines",BRU,HND,Aug 1,9:35 AM,15h 25m,1 stop,Aug 2,8:00 AM,Aug 15,9:30 PM,17h 05m,1 stop,Aug 16,7:35 AM,"2 377,01 €",19,14
Lufthansa,BRU,HND,Aug 1,8:50 AM,16h 10m,1 stop,Aug 2,8:00 AM,Aug 15,9:40 AM,19h 50m,1 stop,Aug 15,10:30 PM,"2 202,98 €",19,14
Lufthansa,BRU,HND,Aug 1,11:20 AM,15h 30m,1 stop,Aug 2,9:50 AM,Aug 15,9:30 PM,17h 05m,1 stop,Aug 16,7:35 AM,"2 390,31 €",19,14
Lufthansa,BRU,HND,Aug 1,6:05 PM,15h 40m,1 stop,Aug 2,4:45 PM,Aug 15,9:40 AM,17h 25m,1 stop,Aug 15,8:05 PM,"2 382,32 €",19,14
Lufthansa,BRU,HND,Aug 1,8:50 AM,16h 10m,1 stop,Aug 2,8:00 AM,Aug 15,9:30 PM,17h 05m,1 stop,Aug 16,7:35 AM,"2 376,05 €",19,14
"Lufthansa, operated by Brussels Airlines",BRU,HND,Aug 1,9:35 AM,15h 25m,1 stop,Aug 2,8:00 AM,Aug 15,9:30 PM,18h 05m,1 stop,Aug 16,8:35 AM,"2 377,01 €",19,14
Lufthansa,BRU,HND,Aug 1,11:20 AM,15h 30m,1 stop,Aug 2,9:50 AM,Aug 15,9:30 PM,18h 05m,1 stop,Aug 16,8:35 AM,"2 390,31 €",19,14
"Lufthansa, operated by Brussels Airlines",BRU,HND,Aug 1,9:35 AM,15h 25m,1 stop,Aug 2,8:00 AM,Aug 15,9:40 AM,17h 25m,1 stop,Aug 15,8:05 PM,"2 202,98 €",19,14
Lufthansa,BRU,HND,Aug 1,11:20 AM,15h 30m,1 stop,Aug 2,9:50 AM,Aug 15,9:40 AM,17h 25m,1 stop,Aug 15,8:05 PM,"2 217,21 €",19,14
Lufthansa,BRU,HND,Aug 1,8:50 AM,16h 10m,1 stop,Aug 2,8:00 AM,Aug 15,9:40 AM,17h 25m,1 stop,Aug 15,8:05 PM,"2 202,98 €",19,14
Lufthansa,BRU,HND,Aug 1,9:30 AM,17h 20m,1 stop,Aug 2,9:50 AM,Aug 15,9:40 AM,17h 25m,1 stop,Aug 15,8:05 PM,"2 202,98 €",19,14
"Lufthansa, operated by Brussels Airlines",BRU,HND,Aug 1,9:35 AM,15h 25m,1 stop,Aug 2,8:00 AM,Aug 15,9:40 AM,19h 50m,1 stop,Aug 15,10:30 PM,"2 217,21 €",19,14
"Lufthansa, operated by Brussels Airlines",BRU,HND,Aug 1,6:55 AM,18h 05m,1 stop,Aug 2,8:00 AM,Aug 15,9:40 AM,17h 25m,1 stop,Aug 15,8:05 PM,"2 202,98 €",19,14
Lufthansa,BRU,HND,Aug 1,11:20 AM,15h 30m,1 stop,Aug 2,9:50 AM,Aug 15,9:40 AM,19h 50m,1 stop,Aug 15,10:30 PM,"2 217,21 €",19,14
"Lufthansa, operated by Brussels Airlines",BRU,HND,Aug 1,9:35 AM,15h 25m,1 stop,Aug 2,8:00 AM,Aug 15,9:30 PM,17h 05m,1 stop,Aug 16,7:35 AM,"2 377,01 €",19,14
Lufthansa,BRU,HND,Aug 1,8:50 AM,16h 10m,1 stop,Aug 2,8:00 AM,Aug 15,9:40 AM,19h 50m,1 stop,Aug 15,10:30 PM,"2 202,98 €",19,14
Lufthansa,BRU,HND,Aug 1,11:20 AM,15h 30m,1 stop,Aug 2,9:50 AM,Aug 15,9:30 PM,17h 05m,1 stop,Aug 16,7:35 AM,"2 390,31 €",19,14
Lufthansa,BRU,HND,Aug 1,6:05 PM,15h 40m,1 stop,Aug 2,4:45 PM,Aug 15,9:40 AM,17h 25m,1 stop,Aug 15,8:05 PM,"2 382,32 €",19,14
Lufthansa,BRU,HND,Aug 1,8:50 AM,16h 10m,1 stop,Aug 2,8:00 AM,Aug 15,9:30 PM,17h 05m,1 stop,Aug 16,7:35 AM,"2 202,98 €",19,14
"Lufthansa, operated by Brussels Airlines",BRU,HND,Aug 1,9:35 AM,15h 25m,1 stop,Aug 2,8:00 AM,Aug 15,9:30 PM,18h 05m,1 stop,Aug 16,8:35 AM,"2 377,01 €",19,14
Lufthansa,BRU,HND,Aug 1,11:20 AM,15h 30m,1 stop,Aug 2,9:50 AM,Aug 15,9:30 PM,18h 05m,1 stop,Aug 16,8:35 AM,"2 390,31 €",19,14
"Lufthansa, operated by Brussels Airlines",BRU,HND,Aug 1,7:00 AM,19h 50m,1 stop,Aug 2,9:50 AM,Aug 15,9:40 AM,17h 25m,1 stop,Aug 15,8:05 PM,"2 217,21 €",19,14
Lufthansa,BRU,HND,Aug 1,8:50 AM,16h 10m,1 stop,Aug 2,8:00 AM,Aug 15,9:30 PM,18h 05m,1 stop,Aug 16,8:35 AM,"2 376,05 €",19,14
"Lufthansa, operated by Brussels Airlines",BRU,HND,Aug 1,6:55 AM,18h 05m,1 stop,Aug 2,8:00 AM,Aug 15,9:40 AM,19h 50m,1 stop,Aug 15,10:30 PM,"2 202,98 €",19,14
Lufthansa,BRU,HND,Aug 1,9:30 AM,17h 20m,1 stop,Aug 2,9:50 AM,Aug 15,9:30 PM,17h 05m,1 stop,Aug 16,7:35 AM,"2 390,31 €",19,14
"Lufthansa, operated by Brussels Airlines",BRU,HND,Aug 1,9:35 AM,15h 25m,1 stop,Aug 2,8:00 AM,Aug 15,9:30 PM,19h 40m,1 stop,Aug 16,10:10 AM,"2 377,01 €",19,14
"Lufthansa, operated by Brussels Airlines",BRU,HND,Aug 1,6:55 AM,18h 05m,1 stop,Aug 2,8:00 AM,Aug 15,9:30 PM,17h 05m,1 stop,Aug 16,7:35 AM,"2 202,98 €",19,14
Lufthansa,BRU,HND,Aug 1,11:20 AM,15h 30m,1 stop,Aug 2,9:50 AM,Aug 15,9:30 PM,19h 40m,1 stop,Aug 16,10:10 AM,"2 391,28 €",19,14
Lufthansa,BRU,HND,Aug 1,6:05 PM,15h 40m,1 stop,Aug 2,4:45 PM,Aug 15,9:40 AM,19h 50m,1 stop,Aug 15,10:30 PM,"2 383,29 €",19,14
Lufthansa,BRU,HND,Aug 1,9:30 AM,17h 20m,1 stop,Aug 2,9:50 AM,Aug 15,9:30 PM,18h 05m,1 stop,Aug 16,8:35 AM,"2 377,01 €",19,14
Lufthansa,BRU,HND,Aug 1,8:50 AM,16h 10m,1 stop,Aug 2,8:00 AM,Aug 15,9:30 PM,19h 40m,1 stop,Aug 16,10:10 AM,"2 376,05 €",19,14
Lufthansa,BRU,HND,Aug 1,8:15 AM,18h 35m,1 stop,Aug 2,9:50 AM,Aug 15,9:40 AM,17h 25m,1 stop,Aug 15,8:05 PM,"2 382,00 €",19,14
"Lufthansa, operated by Brussels Airlines",BRU,HND,Aug 1,7:00 AM,19h 50m,1 stop,Aug 2,9:50 AM,Aug 15,9:40 AM,19h 50m,1 stop,Aug 15,10:30 PM,"2 217,21 €",19,14
"Lufthansa, operated by Brussels Airlines",BRU,HND,Aug 1,6:55 AM,18h 05m,1 stop,Aug 2,8:00 AM,Aug 15,9:30 PM,18h 05m,1 stop,Aug 16,8:35 AM,"2 377,01 €",19,14
Lufthansa,BRU,HND,Aug 1,6:05 PM,15h 40m,1 stop,Aug 2,4:45 PM,Aug 15,9:30 PM,17h 05m,1 stop,Aug 16,7:35 AM,"2 382,00 €",19,14
"Lufthansa, operated by Brussels Airlines",BRU,HND,Aug 1,7:00 AM,19h 50m,1 stop,Aug 2,9:50 AM,Aug 15,9:30 PM,17h 05m,1 stop,Aug 16,7:35 AM,"2 391,28 €",19,14
Lufthansa,BRU,HND,Aug 1,9:30 AM,17h 20m,1 stop,Aug 2,9:50 AM,Aug 15,9:30 PM,19h 40m,1 stop,Aug 16,10:10 AM,"2 391,28 €",19,14
"Lufthansa, operated by Brussels Airlines",BRU,HND,Aug 1,9:35 AM,15h 25m,1 stop,Aug 2,8:00 AM,Aug 15,9:30 PM,21h 55m,1 stop,Aug 16,12:25 PM,"2 377,01 €",19,14
Lufthansa,BRU,HND,Aug 1,6:05 PM,15h 40m,1 stop,Aug 2,4:45 PM,Aug 15,9:30 PM,18h 05m,1 stop,Aug 16,8:35 AM,"2 391,28 €",19,14
Lufthansa,BRU,HND,Aug 1,11:20 AM,15h 30m,1 stop,Aug 2,9:50 AM,Aug 15,9:30 PM,21h 55m,1 stop,Aug 16,12:25 PM,"2 391,28 €",19,14
"Lufthansa, operated by Brussels Airlines",BRU,HND,Aug 1,6:55 AM,18h 05m,1 stop,Aug 2,8:00 AM,Aug 15,9:30 PM,19h 40m,1 stop,Aug 16,10:10 AM,"2 377,01 €",19,14
Lufthansa,BRU,HND,Aug 1,1:15 PM,20h 30m,1 stop,Aug 2,4:45 PM,Aug 15,9:40 AM,17h 25m,1 stop,Aug 15,8:05 PM,"2 382,32 €",19,14
Lufthansa,BRU,HND,Aug 1,8:50 AM,16h 10m,1 stop,Aug 2,8:00 AM,Aug 15,9:30 PM,21h 55m,1 stop,Aug 16,12:25 PM,"2 390,31 €",19,14
"Lufthansa, operated by Brussels Airlines",BRU,HND,Aug 1,7:00 AM,19h 50m,1 stop,Aug 2,9:50 AM,Aug 15,9:30 PM,18h 05m,1 stop,Aug 16,8:35 AM,"2 391,28 €",19,14
"Lufthansa, operated by Brussels Airlines",BRU,HND,Aug 1,9:35 AM,15h 25m,1 stop,Aug 2,8:00 AM,Aug 15,11:45 AM,26h 50m,1 stop,Aug 16,7:35 AM,"2 382,32 €",19,14
Lufthansa,BRU,HND,Aug 1,8:15 AM,18h 35m,1 stop,Aug 2,9:50 AM,Aug 15,9:40 AM,19h 50m,1 stop,Aug 15,10:30 PM,"2 376,05 €",19,14
Lufthansa,BRU,HND,Aug 1,11:20 AM,15h 30m,1 stop,Aug 2,9:50 AM,Aug 15,11:45 AM,26h 50m,1 stop,Aug 16,7:35 AM,"2 391,28 €",19,14
Lufthansa,BRU,HND,Aug 1,2:40 PM,19h 05m,1 stop,Aug 2,4:45 PM,Aug 15,9:40 AM,19h 50m,1 stop,Aug 15,10:30 PM,"2 383,29 €",19,14
Lufthansa,BRU,HND,Aug 1,8:50 AM,16h 10m,1 stop,Aug 2,8:00 AM,Aug 15,11:45 AM,26h 50m,1 stop,Aug 16,7:35 AM,"2 217,18 €",19,14
Lufthansa,BRU,HND,Aug 1,9:30 AM,17h 20m,1 stop,Aug 2,9:50 AM,Aug 15,9:30 PM,21h 55m,1 stop,Aug 16,12:25 PM,"2 390,31 €",19,14
Lufthansa,BRU,HND,Aug 1,8:15 AM,18h 35m,1 stop,Aug 2,9:50 AM,Aug 15,9:30 PM,17h 05m,1 stop,Aug 16,7:35 AM,"2 572,86 €",19,14
"Lufthansa, operated by Brussels Airlines",BRU,HND,Aug 1,9:35 AM,15h 25m,1 stop,Aug 2,8:00 AM,Aug 15,11:45 AM,27h 50m,1 stop,Aug 16,8:35 AM,"2 229,91 €",19,14
"Lufthansa, operated by Brussels Airlines",BRU,HND,Aug 1,7:00 AM,19h 50m,1 stop,Aug 2,9:50 AM,Aug 15,9:30 PM,19h 40m,1 stop,Aug 16,10:10 AM,"2 391,28 €",19,14
Lufthansa,BRU,HND,Aug 1,8:45 PM,26h 30m,1 stop,Aug 3,6:15 AM,Aug 15,9:40 AM,17h 25m,1 stop,Aug 15,8:05 PM,"2 572,86 €",19,14
"Lufthansa, operated by Brussels Airlines",BRU,HND,Aug 1,6:55 AM,18h 05m,1 stop,Aug 2,8:00 AM,Aug 15,9:30 PM,21h 55m,1 stop,Aug 16,12:25 PM,"2 229,91 €",19,14
Lufthansa,BRU,HND,Aug 1,11:20 AM,15h 30m,1 stop,Aug 2,9:50 AM,Aug 15,11:45 AM,27h 50m,1 stop,Aug 16,8:35 AM,"2 244,14 €",19,14
Lufthansa,BRU,HND,Aug 1,2:40 PM,19h 05m,1 stop,Aug 2,4:45 PM,Aug 15,9:30 PM,17h 05m,1 stop,Aug 16,7:35 AM,"2 572,86 €",19,14
Lufthansa,BRU,HND,Aug 1,8:50 AM,16h 10m,1 stop,Aug 2,8:00 AM,Aug 15,11:45 AM,27h 50m,1 stop,Aug 16,8:35 AM,"2 229,91 €",19,14
Lufthansa,BRU,HND,Aug 1,1:15 PM,20h 30m,1 stop,Aug 2,4:45 PM,Aug 15,9:40 AM,19h 50m,1 stop,Aug 15,10:30 PM,"2 383,29 €",19,14
Lufthansa,BRU,HND,Aug 1,9:30 AM,17h 20m,1 stop,Aug 2,9:50 AM,Aug 15,11:45 AM,26h 50m,1 stop,Aug 16,7:35 AM,"2 231,41 €",19,14
Lufthansa,BRU,HND,Aug 1,8:15 AM,18h 35m,1 stop,Aug 2,9:50 AM,Aug 15,9:30 PM,18h 05m,1 stop,Aug 16,8:35 AM,"2 210,80 €",19,14
"Lufthansa, operated by Brussels Airlines",BRU,HND,Aug 1,6:55 AM,18h 05m,1 stop,Aug 2,8:00 AM,Aug 15,11:45 AM,26h 50m,1 stop,Aug 16,7:35 AM,"2 383,29 €",19,14
"Lufthansa, operated by Brussels Airlines",BRU,HND,Aug 1,9:35 AM,15h 25m,1 stop,Aug 2,8:00 AM,Aug 15,9:40 AM,29h 30m,1 stop,Aug 16,8:10 AM,"2 231,41 €",19,14
Lufthansa,BRU,HND,Aug 1,11:20 AM,15h 30m,1 stop,Aug 2,9:50 AM,Aug 15,9:40 AM,29h 30m,1 stop,Aug 16,8:10 AM,"2 237,03 €",19,14
Lufthansa,BRU,HND,Aug 1,8:50 AM,16h 10m,1 stop,Aug 2,8:00 AM,Aug 15,9:40 AM,29h 30m,1 stop,Aug 16,8:10 AM,"2 222,80 €",19,14
Lufthansa,BRU,HND,Aug 1,6:05 PM,15h 40m,1 stop,Aug 2,4:45 PM,Aug 15,9:30 PM,21h 55m,1 stop,Aug 16,12:25 PM,"2 572,86 €",19,14
Lufthansa,BRU,HND,Aug 1,1:15 PM,20h 30m,1 stop,Aug 2,4:45 PM,Aug 15,9:30 PM,17h 05m,1 stop,Aug 16,7:35 AM,"2 237,03 €",19,14
Lufthansa,BRU,HND,Aug 1,9:30 AM,17h 20m,1 stop,Aug 2,9:50 AM,Aug 15,11:45 AM,27h 50m,1 stop,Aug 16,8:35 AM,"2 244,14 €",19,14
"Lufthansa, operated by Brussels Airlines",BRU,HND,Aug 1,7:00 AM,19h 50m,1 stop,Aug 2,9:50 AM,Aug 15,9:30 PM,21h 55m,1 stop,Aug 16,12:25 PM,"2 572,86 €",19,14
Lufthansa,BRU,HND,Aug 1,8:45 PM,26h 30m,1 stop,Aug 3,6:15 AM,Aug 15,9:40 AM,19h 50m,1 stop,Aug 15,10:30 PM,"2 211,69 €",19,14
"Lufthansa, operated by Brussels Airlines",BRU,HND,Aug 1,6:55 AM,18h 05m,1 stop,Aug 2,8:00 AM,Aug 15,11:45 AM,27h 50m,1 stop,Aug 16,8:35 AM,"2 244,14 €",19,14
"Lufthansa, operated by Brussels Airlines",BRU,HND,Aug 1,9:35 AM,15h 25m,1 stop,Aug 2,8:00 AM,Aug 15,9:30 PM,26h 50m,1 stop,Aug 16,5:20 PM,"2 377,01 €",19,14
Lufthansa,BRU,HND,Aug 1,8:15 AM,18h 35m,1 stop,Aug 2,9:50 AM,Aug 15,9:30 PM,19h 40m,1 stop,Aug 16,10:10 AM,"2 572,86 €",19,14
Lufthansa,BRU,HND,Aug 1,11:20 AM,15h 30m,1 stop,Aug 2,9:50 AM,Aug 15,9:30 PM,26h 50m,1 stop,Aug 16,5:20 PM,"2 390,31 €",19,14
Lufthansa,BRU,HND,Aug 1,1:15 PM,20h 30m,1 stop,Aug 2,4:45 PM,Aug 15,9:30 PM,18h 05m,1 stop,Aug 16,8:35 AM,"2 572,86 €",19,14
"Lufthansa, operated by Brussels Airlines",BRU,HND,Aug 1,7:00 AM,19h 50m,1 stop,Aug 2,9:50 AM,Aug 15,11:45 AM,26h 50m,1 stop,Aug 16,7:35 AM,"2 231,41 €",19,14
Lufthansa,BRU,HND,Aug 1,6:05 PM,15h 40m,1 stop,Aug 2,4:45 PM,Aug 15,11:45 AM,26h 50m,1 stop,Aug 16,7:35 AM,"2 396,52 €",19,14
Lufthansa,BRU,HND,Aug 1,2:40 PM,19h 05m,1 stop,Aug 2,4:45 PM,Aug 15,9:30 PM,19h 40m,1 stop,Aug 16,10:10 AM,"2 572,86 €",19,14
Lufthansa,BRU,HND,Aug 1,9:30 AM,17h 20m,1 stop,Aug 2,9:50 AM,Aug 15,9:40 AM,29h 30m,1 stop,Aug 16,8:10 AM,"2 237,03 €",19,14
"Lufthansa, operated by Brussels Airlines",BRU,HND,Aug 1,6:55 AM,18h 05m,1 stop,Aug 2,8:00 AM,Aug 15,9:40 AM,29h 30m,1 stop,Aug 16,8:10 AM,"2 222,80 €",19,14
Lufthansa,BRU,HND,Aug 1,8:45 PM,26h 30m,1 stop,Aug 3,6:15 AM,Aug 15,9:30 PM,17h 05m,1 stop,Aug 16,7:35 AM,"2 384,56 €",19,14
"Lufthansa, operated by Brussels Airlines",BRU,HND,Aug 1,7:00 AM,19h 50m,1 stop,Aug 2,9:50 AM,Aug 15,11:45 AM,27h 50m,1 stop,Aug 16,8:35 AM,"2 237,03 €",19,14
Lufthansa,BRU,HND,Aug 1,6:05 PM,15h 40m,1 stop,Aug 2,4:45 PM,Aug 15,11:45 AM,27h 50m,1 stop,Aug 16,8:35 AM,"2 222,80 €",19,14
Lufthansa,BRU,HND,Aug 1,9:30 AM,17h 20m,1 stop,Aug 2,9:50 AM,Aug 15,9:30 PM,26h 50m,1 stop,Aug 16,5:20 PM,"2 390,31 €",19,14
Lufthansa,BRU,HND,Aug 1,1:15 PM,20h 30m,1 stop,Aug 2,4:45 PM,Aug 15,9:30 PM,19h 40m,1 stop,Aug 16,10:10 AM,"2 572,86 €",19,14
Lufthansa,BRU,HND,Aug 1,8:45 PM,26h 30m,1 stop,Aug 3,6:15 AM,Aug 15,9:30 PM,18h 05m,1 stop,Aug 16,8:35 AM,"2 384,56 €",19,14
"Lufthansa, operated by Brussels Airlines",BRU,HND,Aug 1,9:35 AM,15h 25m,1 stop,Aug 2,8:00 AM,Aug 15,9:40 AM,28h 55m,1 stop,Aug 16,7:35 AM,"2 395,99 €",19,14
"Lufthansa, operated by Brussels Airlines",BRU,HND,Aug 1,6:55 AM,18h 05m,1 stop,Aug 2,8:00 AM,Aug 15,9:30 PM,26h 50m,1 stop,Aug 16,5:20 PM,"2 377,01 €",19,14
Lufthansa,BRU,HND,Aug 1,8:15 AM,18h 35m,1 stop,Aug 2,9:50 AM,Aug 15,9:30 PM,21h 55m,1 stop,Aug 16,12:25 PM,"2 384,56 €",19,14
Lufthansa,BRU,HND,Aug 1,11:20 AM,15h 30m,1 stop,Aug 2,9:50 AM,Aug 15,9:40 AM,28h 55m,1 stop,Aug 16,7:35 AM,"2 409,25 €",19,14
"Lufthansa, operated by Brussels Airlines",BRU,HND,Aug 1,7:00 AM,19h 50m,1 stop,Aug 2,9:50 AM,Aug 15,9:40 AM,29h 30m,1 stop,Aug 16,8:10 AM,"2 377,01 €",19,14
